method,bits,ppl,peak_mem_gb,ratio
Baseline FP16,16.0,31.690789203886684,6.026276352,1.0
TurboQuant 4bit,4.0,31.690789203886684,6.03990784,1.2190476190476192
TurboQuant 3bit,3.0,31.690789203886684,6.03990784,1.2673267326732673
TurboQuant 2bit,2.0,31.690789203886684,6.03990784,1.2673267326732673
